{"stats":{"minecraft:used":{"minecraft:glass_bottle":7,"minecraft:stone_pickaxe":1,"minecraft:oak_planks":18,"minecraft:wooden_pickaxe":32,"minecraft:dirt":12,"minecraft:mutton":5,"minecraft:crafting_table":5,"minecraft:wooden_axe":39,"minecraft:bread":4,"travelersbackpack:white_sleeping_bag":2,"minecraft:stone_axe":63,"minecraft:cobblestone":1,"minecraft:potion":7,"minecraft:egg":1},"minecraft:custom":{"minecraft:mob_kills":8,"minecraft:interact_with_crafting_table":4,"minecraft:open_barrel":2,"minecraft:bell_ring":3,"minecraft:leave_game":3,"minecraft:time_since_death":7346,"minecraft:sleep_in_bed":2,"minecraft:climb_one_cm":3093,"minecraft:time_since_rest":7376,"minecraft:sprint_one_cm":158179,"minecraft:damage_taken":4847,"minecraft:walk_one_cm":121498,"minecraft:damage_dealt":2728,"minecraft:fly_one_cm":97893,"minecraft:player_kills":2,"minecraft:open_chest":13,"minecraft:crouch_one_cm":8498,"minecraft:play_time":71411,"minecraft:deaths":16,"minecraft:sneak_time":3817,"minecraft:jump":987,"minecraft:total_world_time":71411,"minecraft:fall_one_cm":84874,"minecraft:use_cauldron":3},"minecraft:mined":{"minecraft:brewing_stand":1,"minecraft:crafting_table":4,"minecraft:grass_block":4,"minecraft:tall_grass":5,"travelersbackpack:white_sleeping_bag":2,"minecraft:damaged_anvil":1,"minecraft:oak_planks":9,"minecraft:hay_block":44,"minecraft:furnace":1,"minecraft:grass":12,"minecraft:bookshelf":14,"minecraft:oak_log":17,"minecraft:coal_ore":2,"minecraft:dirt":8,"minecraft:wither_skeleton_skull":1,"minecraft:stone":20},"minecraft:killed":{"minecraft:witch":1,"minecraft:spider":1,"minecraft:iron_golem":1,"minecraft:sheep":3,"minecraft:skeleton":1,"minecraft:zombie":1},"minecraft:picked_up":{"minecraft:crafting_table":4,"minecraft:oak_log":17,"minecraft:brewing_stand":1,"minecraft:wither_skeleton_skull":1,"minecraft:string":1,"minecraft:dirt":12,"minecraft:wheat_seeds":1,"minecraft:iron_ingot":4,"minecraft:poppy":2,"minecraft:glass_bottle":3,"minecraft:oak_planks":8,"minecraft:egg":1,"minecraft:furnace":1,"minecraft:book":42,"minecraft:dandelion":1,"travelersbackpack:white_sleeping_bag":2,"minecraft:arrow":2,"minecraft:hay_block":44,"minecraft:oak_button":1,"minecraft:damaged_anvil":1,"minecraft:mutton":5,"minecraft:coal":2,"minecraft:cobblestone":20,"minecraft:white_wool":3},"minecraft:killed_by":{"minecraft:creeper":1,"minecraft:witch":1,"minecraft:iron_golem":3},"minecraft:crafted":{"minecraft:oak_planks":32,"minecraft:crafting_table":2,"minecraft:wooden_pickaxe":1,"minecraft:hay_block":23,"minecraft:stone_axe":1,"minecraft:bread":63,"travelersbackpack:white_sleeping_bag":1,"minecraft:stick":16,"minecraft:stone_pickaxe":1,"minecraft:wooden_axe":1,"minecraft:stone_hoe":1,"minecraft:wheat":396}},"DataVersion":3120}