{"stats":{"minecraft:used":{"minecraft:wooden_axe":36,"travelersbackpack:white_sleeping_bag":2,"minecraft:wooden_pickaxe":32,"minecraft:dirt":12,"minecraft:mutton":2,"minecraft:cobblestone":1,"minecraft:crafting_table":2},"minecraft:custom":{"minecraft:time_since_rest":8788,"minecraft:sprint_one_cm":65845,"minecraft:damage_taken":1340,"minecraft:walk_one_cm":56003,"minecraft:mob_kills":6,"minecraft:damage_dealt":1395,"minecraft:player_kills":2,"minecraft:interact_with_crafting_table":3,"minecraft:fly_one_cm":37132,"minecraft:open_barrel":2,"minecraft:open_chest":8,"minecraft:crouch_one_cm":1030,"minecraft:play_time":44158,"minecraft:deaths":5,"minecraft:sneak_time":928,"minecraft:jump":485,"minecraft:leave_game":1,"minecraft:time_since_death":8760,"minecraft:sleep_in_bed":1,"minecraft:climb_one_cm":1145,"minecraft:total_world_time":44158,"minecraft:fall_one_cm":16579},"minecraft:mined":{"minecraft:hay_block":5,"minecraft:furnace":1,"minecraft:crafting_table":1,"minecraft:grass":9,"minecraft:bookshelf":14,"minecraft:oak_log":8,"minecraft:grass_block":4,"minecraft:coal_ore":2,"minecraft:dirt":8,"travelersbackpack:white_sleeping_bag":2,"minecraft:tall_grass":1,"minecraft:wither_skeleton_skull":1,"minecraft:stone":20,"minecraft:damaged_anvil":1},"minecraft:killed":{"minecraft:sheep":3,"minecraft:skeleton":1,"minecraft:witch":1,"minecraft:spider":1},"minecraft:picked_up":{"minecraft:book":42,"minecraft:crafting_table":1,"minecraft:dandelion":1,"minecraft:oak_log":8,"minecraft:wither_skeleton_skull":1,"minecraft:string":1,"minecraft:dirt":12,"travelersbackpack:white_sleeping_bag":2,"minecraft:arrow":2,"minecraft:wheat_seeds":1,"minecraft:hay_block":5,"minecraft:glass_bottle":3,"minecraft:oak_button":1,"minecraft:damaged_anvil":1,"minecraft:mutton":5,"minecraft:coal":2,"minecraft:white_wool":3,"minecraft:cobblestone":20,"minecraft:furnace":1},"minecraft:killed_by":{"minecraft:creeper":1,"minecraft:witch":1},"minecraft:crafted":{"minecraft:oak_planks":32,"travelersbackpack:white_sleeping_bag":1,"minecraft:crafting_table":1,"minecraft:stick":16,"minecraft:wooden_pickaxe":1,"minecraft:stone_pickaxe":1,"minecraft:wooden_axe":1,"minecraft:stone_hoe":1,"minecraft:stone_axe":1}},"DataVersion":3120}