{"stats":{"minecraft:custom":{"minecraft:jump":40,"minecraft:time_since_rest":740,"minecraft:damage_dealt":362,"minecraft:leave_game":1,"minecraft:deaths":4,"minecraft:play_time":5753,"minecraft:damage_taken":1131,"minecraft:time_since_death":133,"minecraft:walk_one_cm":13544,"minecraft:sneak_time":5,"minecraft:climb_one_cm":24,"minecraft:total_world_time":5753,"minecraft:fall_one_cm":269,"minecraft:fly_one_cm":812},"minecraft:mined":{"minecraft:grass":2},"minecraft:picked_up":{"minecraft:poppy":1,"minecraft:wheat_seeds":1,"minecraft:dirt":3},"minecraft:killed_by":{"minecraft:witch":2,"minecraft:player":2}},"DataVersion":3120}