{
  "create:root": {
    "criteria": {
      "0": "2024-05-11 21:27:16 +0000"
    },
    "done": true
  },
  "minecraft:adventure/root": {
    "criteria": {
      "killed_by_something": "2024-05-11 21:26:11 +0000"
    },
    "done": true
  },
  "parcool:grant_parcool_guide": {
    "criteria": {
      "tick": "2024-05-11 21:24:52 +0000"
    },
    "done": true
  },
  "minecraft:adventure/adventuring_time": {
    "criteria": {
      "minecraft:meadow": "2024-05-11 21:25:48 +0000",
      "minecraft:plains": "2024-05-11 21:24:53 +0000"
    },
    "done": false
  },
  "minecraft:recipes/misc/red_dye_from_poppy": {
    "criteria": {
      "has_poppy": "2024-05-11 21:29:33 +0000"
    },
    "done": true
  },
  "DataVersion": 3120
}